sequence,labels,n_records,n_source_datasets,source_datasets,source_projects
FLPILGKILGGLL,"[0, 1]",6,6,hypeptoxfuse_test_neg;toxgin_test;toxipep_0.8_train;toxipep_0.9_train;toxmsrc_test1;toxmsrc_test2,HyPepTox-Fuse;ToxGIN;ToxMSRC;ToxiPep
SKITDILAKLGKVLAHV,"[0, 1]",6,6,hypeptoxfuse_train_neg;toxgin_test;toxipep_0.8_test;toxipep_0.9_train;toxmsrc_test1;toxmsrc_test2,HyPepTox-Fuse;ToxGIN;ToxMSRC;ToxiPep
GILDTIKSIASKVWNSKTVQDLKRKGINWVANKLGVSPQAA,"[0, 1]",5,5,toxgin_train;toxipep_0.8_train;toxipep_0.9_test;toxipep_independent;toxmsrc_train,ToxGIN;ToxMSRC;ToxiPep
SIKEKICKIIEAKIGKKPPFCP,"[0, 1]",5,5,hypeptoxfuse_train_neg;toxgin_test;toxgin_train;toxipep_independent;toxmsrc_train,HyPepTox-Fuse;ToxGIN;ToxMSRC;ToxiPep
INWKAIIEAAKQAL,"[0, 1]",5,5,hypeptoxfuse_train_neg;toxgin_test;toxipep_0.8_test;toxipep_0.9_train;toxmsrc_train,HyPepTox-Fuse;ToxGIN;ToxMSRC;ToxiPep
QAPWPDTISPP,"[0, 1]",5,5,hypeptoxfuse_train_pos;toxgin_test;toxipep_0.8_test;toxipep_0.9_test;toxmsrc_train,HyPepTox-Fuse;ToxGIN;ToxMSRC;ToxiPep
INWKKIKSLIKAAMS,"[0, 1]",5,5,hypeptoxfuse_train_neg;toxgin_test;toxipep_0.8_train;toxipep_0.9_train;toxmsrc_train,HyPepTox-Fuse;ToxGIN;ToxMSRC;ToxiPep
VDWKKIGQHILSVL,"[0, 1]",5,5,hypeptoxfuse_train_neg;toxgin_test;toxipep_0.8_test;toxipep_0.9_test;toxmsrc_train,HyPepTox-Fuse;ToxGIN;ToxMSRC;ToxiPep
INWKKIASIGKEVLKAL,"[0, 1]",5,5,hypeptoxfuse_test_pos;toxgin_test;toxipep_0.8_train;toxipep_0.9_train;toxmsrc_train,HyPepTox-Fuse;ToxGIN;ToxMSRC;ToxiPep
IVPFLGPLLGLLT,"[0, 1]",5,5,hypeptoxfuse_test_neg;toxgin_test;toxipep_0.8_train;toxipep_0.9_train;toxmsrc_train,HyPepTox-Fuse;ToxGIN;ToxMSRC;ToxiPep
INWKKMAATALKMI,"[0, 1]",5,5,hypeptoxfuse_train_pos;toxgin_test;toxipep_0.8_train;toxipep_0.9_train;toxmsrc_train,HyPepTox-Fuse;ToxGIN;ToxMSRC;ToxiPep
INVLGILGLLGKALSHL,"[0, 1]",5,5,hypeptoxfuse_train_neg;toxgin_test;toxipep_0.8_test;toxipep_0.9_train;toxmsrc_train,HyPepTox-Fuse;ToxGIN;ToxMSRC;ToxiPep
LNLKGLIKKVASLLN,"[0, 1]",5,5,hypeptoxfuse_train_pos;toxgin_test;toxipep_0.8_train;toxipep_0.9_train;toxmsrc_train,HyPepTox-Fuse;ToxGIN;ToxMSRC;ToxiPep
MATKHGKNSWKTLYLKISFLGCKVVVLLKR,"[0, 1]",5,5,hypeptoxfuse_train_pos;toxgin_test;toxipep_0.8_train;toxipep_0.9_test;toxmsrc_train,HyPepTox-Fuse;ToxGIN;ToxMSRC;ToxiPep
GIKEMLCNMACAQTVCKKSGGPLCDTCQAACKALG,"[0, 1]",5,5,hypeptoxfuse_train_pos;toxgin_test;toxipep_0.8_train;toxipep_0.9_train;toxmsrc_train,HyPepTox-Fuse;ToxGIN;ToxMSRC;ToxiPep
ELRLPEIARPVPEVLPARLPLPALPRNKMAKNQ,"[0, 1]",5,5,hypeptoxfuse_train_pos;toxgin_test;toxipep_0.8_train;toxipep_0.9_train;toxmsrc_train,HyPepTox-Fuse;ToxGIN;ToxMSRC;ToxiPep
FLPAVIRVAANVLPTVFCAISKKC,"[0, 1]",5,5,hypeptoxfuse_train_pos;toxgin_test;toxipep_0.8_test;toxipep_0.9_test;toxmsrc_train,HyPepTox-Fuse;ToxGIN;ToxMSRC;ToxiPep
FWGAVWKILSKVLPHIPGTVKWLQEKV,"[0, 1]",5,5,hypeptoxfuse_test_pos;toxgin_test;toxipep_0.8_test;toxipep_0.9_test;toxmsrc_train,HyPepTox-Fuse;ToxGIN;ToxMSRC;ToxiPep
LSLGTIKKLLQILAQGLKAICNHRDLIAKGCQA,"[0, 1]",5,5,hypeptoxfuse_test_pos;toxgin_test;toxipep_0.8_train;toxipep_0.9_train;toxmsrc_train,HyPepTox-Fuse;ToxGIN;ToxMSRC;ToxiPep
DFKDWMKTAGEWLKKKGPGILKAAMAAAT,"[0, 1]",5,5,hypeptoxfuse_train_pos;toxgin_test;toxipep_0.8_train;toxipep_0.9_train;toxmsrc_train,HyPepTox-Fuse;ToxGIN;ToxMSRC;ToxiPep
MKIGIIGAMEEEVTLLRDKIENRQTITIGGSEIYT,"[0, 1]",5,5,hypeptoxfuse_train_pos;toxgin_test;toxipep_0.8_train;toxipep_0.9_train;toxmsrc_train,HyPepTox-Fuse;ToxGIN;ToxMSRC;ToxiPep
MHVSTFQALMLMLAFGSFIIALLTYIKKK,"[0, 1]",5,5,hypeptoxfuse_test_pos;toxgin_test;toxipep_0.8_test;toxipep_0.9_train;toxmsrc_train,HyPepTox-Fuse;ToxGIN;ToxMSRC;ToxiPep
NVNQSLLELHGAPKYGMAEYLFDKHTLGESDN,"[0, 1]",5,5,hypeptoxfuse_train_pos;toxipep_0.8_train;toxipep_0.9_train;toxmsrc_test1;toxmsrc_test2,HyPepTox-Fuse;ToxMSRC;ToxiPep
VATFTLPDLPYDYGALEPAV,"[0, 1]",5,5,hypeptoxfuse_train_pos;toxipep_0.8_train;toxipep_0.9_train;toxmsrc_test1;toxmsrc_test2,HyPepTox-Fuse;ToxMSRC;ToxiPep
MGRIGVLTGNAGEIR,"[0, 1]",5,5,hypeptoxfuse_train_pos;toxipep_0.8_train;toxipep_0.9_train;toxmsrc_test1;toxmsrc_test2,HyPepTox-Fuse;ToxMSRC;ToxiPep
FFGSVLKLIPKIL,"[0, 1]",5,5,hypeptoxfuse_train_pos;toxipep_0.8_train;toxipep_0.9_train;toxmsrc_test1;toxmsrc_test2,HyPepTox-Fuse;ToxMSRC;ToxiPep
GWFDVVKHIASAV,"[0, 1]",5,5,hypeptoxfuse_train_pos;toxipep_0.8_train;toxipep_0.9_train;toxmsrc_test1;toxmsrc_test2,HyPepTox-Fuse;ToxMSRC;ToxiPep
MPKIIEAVYENGVFKPLQKVDLREGERE,"[0, 1]",5,5,hypeptoxfuse_train_pos;toxipep_0.8_test;toxipep_0.9_train;toxmsrc_test1;toxmsrc_test2,HyPepTox-Fuse;ToxMSRC;ToxiPep
NFLGTLVNLAKKIL,"[0, 1]",5,5,hypeptoxfuse_train_pos;toxipep_0.8_test;toxipep_0.9_train;toxmsrc_test1;toxmsrc_test2,HyPepTox-Fuse;ToxMSRC;ToxiPep
IRRYCDPRVCDRECLEKGKYFGRCIRDICKCN,"[0, 1]",5,5,hypeptoxfuse_test_pos;toxipep_0.8_train;toxipep_0.9_train;toxmsrc_test1;toxmsrc_test2,HyPepTox-Fuse;ToxMSRC;ToxiPep
MGGKWSKRSVVGWPAVR,"[0, 1]",5,5,hypeptoxfuse_train_pos;toxipep_0.8_train;toxipep_0.9_train;toxmsrc_test1;toxmsrc_test2,HyPepTox-Fuse;ToxMSRC;ToxiPep
GFCAEAGIKCNDIHCCGNLKCKAVGSNRV,"[0, 1]",5,5,hypeptoxfuse_train_pos;toxipep_0.8_train;toxipep_0.9_train;toxmsrc_test1;toxmsrc_test2,HyPepTox-Fuse;ToxMSRC;ToxiPep
AVAGEKLWLLPHLLKMLLTPTP,"[0, 1]",5,5,hypeptoxfuse_test_pos;toxipep_0.8_train;toxipep_0.9_train;toxmsrc_test1;toxmsrc_test2,HyPepTox-Fuse;ToxMSRC;ToxiPep
CCIARQICEGCICCI,"[0, 1]",5,5,hypeptoxfuse_train_pos;toxipep_0.8_train;toxipep_0.9_train;toxmsrc_test1;toxmsrc_test2,HyPepTox-Fuse;ToxMSRC;ToxiPep
GILDAIKAIAKAAG,"[0, 1]",5,5,hypeptoxfuse_train_pos;toxipep_0.8_test;toxipep_0.9_train;toxmsrc_test1;toxmsrc_test2,HyPepTox-Fuse;ToxMSRC;ToxiPep
EWCGTNSDCGEGECCTGGSFNRH,"[0, 1]",5,5,hypeptoxfuse_train_pos;toxipep_0.8_train;toxipep_0.9_train;toxmsrc_test1;toxmsrc_test2,HyPepTox-Fuse;ToxMSRC;ToxiPep
GSVLNCGETCLLGTCYTTGCTCNKYRVCTKD,"[0, 1]",5,5,hypeptoxfuse_test_pos;toxipep_0.8_train;toxipep_0.9_train;toxmsrc_test1;toxmsrc_test2,HyPepTox-Fuse;ToxMSRC;ToxiPep
RTCIPIPLVMC,"[0, 1]",5,5,hypeptoxfuse_train_pos;toxipep_0.8_train;toxipep_0.9_train;toxmsrc_test1;toxmsrc_test2,HyPepTox-Fuse;ToxMSRC;ToxiPep
RPKPQQFFGLM,"[0, 1]",5,5,hypeptoxfuse_train_pos;toxipep_0.8_train;toxipep_0.9_train;toxmsrc_test1;toxmsrc_test2,HyPepTox-Fuse;ToxMSRC;ToxiPep
WLGSALKIGAKLLPSVVGLFQKKKK,"[0, 1]",5,5,hypeptoxfuse_train_pos;toxipep_0.8_train;toxipep_0.9_train;toxmsrc_test1;toxmsrc_test2,HyPepTox-Fuse;ToxMSRC;ToxiPep
ILGAILPLVSGLLSNKL,"[0, 1]",5,5,hypeptoxfuse_train_pos;toxipep_0.8_train;toxipep_0.9_train;toxmsrc_test1;toxmsrc_test2,HyPepTox-Fuse;ToxMSRC;ToxiPep
FFGWLIKGAIHAGKAIHGLIHRRRH,"[0, 1]",5,5,hypeptoxfuse_train_pos;toxipep_0.8_train;toxipep_0.9_train;toxmsrc_test1;toxmsrc_test2,HyPepTox-Fuse;ToxMSRC;ToxiPep
FLGAIAQALTSLLGKL,"[0, 1]",5,5,hypeptoxfuse_train_pos;toxipep_0.8_train;toxipep_0.9_test;toxmsrc_test1;toxmsrc_test2,HyPepTox-Fuse;ToxMSRC;ToxiPep
ITFSKIYRSCKSNSVCGNQKCVRGRCV,"[0, 1]",5,5,hypeptoxfuse_train_pos;toxipep_0.8_train;toxipep_0.9_test;toxmsrc_test1;toxmsrc_test2,HyPepTox-Fuse;ToxMSRC;ToxiPep
FRPALIVRTKGTRL,"[0, 1]",5,5,hypeptoxfuse_train_pos;toxipep_0.8_train;toxipep_0.9_test;toxmsrc_test1;toxmsrc_test2,HyPepTox-Fuse;ToxMSRC;ToxiPep
MIASHLAFEKLSKLGSKHTML,"[0, 1]",5,5,hypeptoxfuse_train_pos;toxipep_0.8_train;toxipep_0.9_test;toxmsrc_test1;toxmsrc_test2,HyPepTox-Fuse;ToxMSRC;ToxiPep
GLLGPLLKIAAKVGSNLL,"[0, 1]",5,5,hypeptoxfuse_test_pos;toxipep_0.8_test;toxipep_0.9_test;toxmsrc_test1;toxmsrc_test2,HyPepTox-Fuse;ToxMSRC;ToxiPep
MDTLTQKLTVLIAVLELLVALLRLIDLLK,"[0, 1]",5,5,hypeptoxfuse_train_pos;toxipep_0.8_test;toxipep_0.9_test;toxmsrc_test1;toxmsrc_test2,HyPepTox-Fuse;ToxMSRC;ToxiPep
ATTDSPATLTGVI,"[0, 1]",5,5,hypeptoxfuse_train_pos;toxipep_0.8_train;toxipep_0.9_test;toxmsrc_test1;toxmsrc_test2,HyPepTox-Fuse;ToxMSRC;ToxiPep
VTCFCRRRGCASRERHIGYCRFGNTIYRLCCRR,"[0, 1]",5,5,hypeptoxfuse_train_pos;toxipep_0.8_train;toxipep_0.9_test;toxmsrc_test1;toxmsrc_test2,HyPepTox-Fuse;ToxMSRC;ToxiPep
GVSKILHSAGKFGKAFLGEIMKS,"[0, 1]",5,5,hypeptoxfuse_test_pos;toxipep_0.8_train;toxipep_0.9_test;toxmsrc_test1;toxmsrc_test2,HyPepTox-Fuse;ToxMSRC;ToxiPep
LDVKKIICVACKIKPNPACKKICPK,"[0, 1]",5,5,hypeptoxfuse_test_pos;toxipep_0.8_train;toxipep_0.9_test;toxmsrc_test1;toxmsrc_test2,HyPepTox-Fuse;ToxMSRC;ToxiPep
FLPILAGLAAKIVPKLFCLATKKC,"[0, 1]",5,5,hypeptoxfuse_train_pos;toxipep_0.8_train;toxipep_0.9_test;toxmsrc_test1;toxmsrc_test2,HyPepTox-Fuse;ToxMSRC;ToxiPep
GIKDWIKGAAKKLIKTVASHIANQ,"[0, 1]",5,5,hypeptoxfuse_test_pos;toxipep_0.8_test;toxipep_0.9_test;toxmsrc_test1;toxmsrc_test2,HyPepTox-Fuse;ToxMSRC;ToxiPep
FLPVVAGLAAKVLPSIICAVTKKC,"[0, 1]",5,5,hypeptoxfuse_train_neg;toxipep_0.8_train;toxipep_0.9_test;toxipep_independent;toxmsrc_train,HyPepTox-Fuse;ToxMSRC;ToxiPep
GVPICGETCTLGTCYTAGCSCSWPVCTRN,"[0, 1]",4,4,hypeptoxfuse_train_pos;toxgin_train;toxipep_independent;toxmsrc_train,HyPepTox-Fuse;ToxGIN;ToxMSRC;ToxiPep
GLPVCGETCFGGTCNTPGCSCETWPVCSRN,"[0, 1]",4,4,hypeptoxfuse_train_pos;toxgin_train;toxipep_independent;toxmsrc_train,HyPepTox-Fuse;ToxGIN;ToxMSRC;ToxiPep
FFGSLLSLGSKLLPSVFKLFQRKKE,"[0, 1]",4,4,hypeptoxfuse_train_pos;toxgin_train;toxipep_independent;toxmsrc_train,HyPepTox-Fuse;ToxGIN;ToxMSRC;ToxiPep
GWRDWLKKGKEWIKAKGPGIVKAALKAAVQ,"[0, 1]",4,4,hypeptoxfuse_train_pos;toxgin_test;toxgin_train;toxmsrc_train,HyPepTox-Fuse;ToxGIN;ToxMSRC
GTPCGESCVYIPCISGVIGCSCTDKVCYLN,"[0, 1]",4,4,hypeptoxfuse_test_pos;toxgin_train;toxipep_independent;toxmsrc_train,HyPepTox-Fuse;ToxGIN;ToxMSRC;ToxiPep
FLSLALAALPKFLCLVFKKC,"[0, 1]",4,4,hypeptoxfuse_train_pos;toxgin_train;toxipep_independent;toxmsrc_train,HyPepTox-Fuse;ToxGIN;ToxMSRC;ToxiPep
MSAEALADPKADPLAGPNPDADPEAINLKAIAALAKKLLG,"[0, 1]",4,4,toxgin_test;toxgin_train;toxipep_0.9_train;toxmsrc_train,ToxGIN;ToxMSRC;ToxiPep
FWGALAKGALKLIPSLFSSFSKKD,"[0, 1]",4,4,hypeptoxfuse_train_pos;toxgin_train;toxipep_independent;toxmsrc_train,HyPepTox-Fuse;ToxGIN;ToxMSRC;ToxiPep
FLPMLAGLAASMVPKLVCLITKKC,"[0, 1]",4,4,hypeptoxfuse_train_pos;toxgin_train;toxipep_independent;toxmsrc_train,HyPepTox-Fuse;ToxGIN;ToxMSRC;ToxiPep
FLPAVLRVAAQVVPTVFCAISKKC,"[0, 1]",4,4,hypeptoxfuse_train_pos;toxgin_train;toxipep_independent;toxmsrc_train,HyPepTox-Fuse;ToxGIN;ToxMSRC;ToxiPep
GCRQCGGGCNKHGKCINGKCKCY,"[0, 1]",4,4,hypeptoxfuse_train_pos;toxgin_test;toxgin_train;toxmsrc_train,HyPepTox-Fuse;ToxGIN;ToxMSRC
GGSVPCGESCVFIPCITSLAGCSCKNKVCYYD,"[0, 1]",4,4,hypeptoxfuse_train_pos;toxgin_train;toxipep_independent;toxmsrc_train,HyPepTox-Fuse;ToxGIN;ToxMSRC;ToxiPep
MGIIAGIIKVIKSLIEQFTGK,"[0, 1]",4,4,hypeptoxfuse_test_pos;toxgin_train;toxipep_independent;toxmsrc_train,HyPepTox-Fuse;ToxGIN;ToxMSRC;ToxiPep
GWKDWLNKGKEWLKKKGPGIMKAALKAATQ,"[0, 1]",4,4,hypeptoxfuse_train_pos;toxgin_test;toxgin_train;toxmsrc_train,HyPepTox-Fuse;ToxGIN;ToxMSRC
FLPLILRKIVTAL,"[0, 1]",4,4,hypeptoxfuse_test_pos;toxgin_test;toxipep_0.9_train;toxmsrc_train,HyPepTox-Fuse;ToxGIN;ToxMSRC;ToxiPep
FLPMIAKLLGGLL,"[0, 1]",4,4,hypeptoxfuse_train_neg;toxgin_test;toxipep_0.8_test;toxipep_0.9_train,HyPepTox-Fuse;ToxGIN;ToxiPep
FLPIIGKLLSGLL,"[0, 1]",4,4,hypeptoxfuse_train_pos;toxgin_test;toxipep_0.9_train;toxmsrc_train,HyPepTox-Fuse;ToxGIN;ToxMSRC;ToxiPep
IKIMDILAKLGKVLAHV,"[0, 1]",4,4,hypeptoxfuse_train_neg;toxgin_test;toxipep_0.9_train;toxmsrc_train,HyPepTox-Fuse;ToxGIN;ToxMSRC;ToxiPep
KRKCGLCKYRCCSGG,"[0, 1]",4,4,hypeptoxfuse_test_pos;toxgin_test;toxipep_0.9_train;toxmsrc_train,HyPepTox-Fuse;ToxGIN;ToxMSRC;ToxiPep
FLPIIAKLVSGLL,"[0, 1]",4,4,hypeptoxfuse_train_neg;toxgin_test;toxipep_0.9_test;toxmsrc_train,HyPepTox-Fuse;ToxGIN;ToxMSRC;ToxiPep
FCTMIPIPRCY,"[0, 1]",4,4,hypeptoxfuse_train_pos;toxipep_0.8_test;toxipep_0.9_train;toxmsrc_train,HyPepTox-Fuse;ToxMSRC;ToxiPep
FFPIIAGMAAKLIPSLFCKITKKC,"[0, 1]",4,4,hypeptoxfuse_test_pos;toxipep_0.8_train;toxipep_0.9_train;toxmsrc_train,HyPepTox-Fuse;ToxMSRC;ToxiPep
GVLGTVKNLLIGAGKSAAQSVLKTLSCKLSNDC,"[0, 1]",4,4,hypeptoxfuse_train_pos;toxipep_0.8_train;toxipep_0.9_train;toxmsrc_train,HyPepTox-Fuse;ToxMSRC;ToxiPep
CLGVGSCNDFAGCGYAIVCFW,"[0, 1]",4,4,hypeptoxfuse_train_pos;toxipep_0.8_train;toxipep_0.9_train;toxmsrc_train,HyPepTox-Fuse;ToxMSRC;ToxiPep
DYVTVKGFSPLRKA,"[0, 1]",4,4,hypeptoxfuse_train_pos;toxipep_0.8_train;toxipep_0.9_train;toxmsrc_train,HyPepTox-Fuse;ToxMSRC;ToxiPep
PRLRRLTGLSPLRAP,"[0, 1]",4,4,hypeptoxfuse_train_pos;toxipep_0.8_train;toxipep_0.9_train;toxmsrc_train,HyPepTox-Fuse;ToxMSRC;ToxiPep
AFCRFNGQQCTSDGQCCNGRCINAFQGRICIG,"[0, 1]",4,4,hypeptoxfuse_train_pos;toxipep_0.8_train;toxipep_0.9_train;toxmsrc_train,HyPepTox-Fuse;ToxMSRC;ToxiPep
FLPILASLAAKFGPKLFCLVTKKC,"[0, 1]",4,4,hypeptoxfuse_train_pos;toxipep_0.8_train;toxipep_0.9_train;toxmsrc_train,HyPepTox-Fuse;ToxMSRC;ToxiPep
RAHFLPPLLLL,"[0, 1]",4,4,hypeptoxfuse_train_pos;toxipep_0.8_train;toxipep_0.9_train;toxmsrc_train,HyPepTox-Fuse;ToxMSRC;ToxiPep
FLPIASLLGKYL,"[0, 1]",4,4,hypeptoxfuse_train_pos;toxipep_0.8_train;toxipep_0.9_train;toxmsrc_train,HyPepTox-Fuse;ToxMSRC;ToxiPep
LRHKVYGYCVLGP,"[0, 1]",4,4,hypeptoxfuse_train_pos;toxipep_0.8_test;toxipep_0.9_train;toxmsrc_train,HyPepTox-Fuse;ToxMSRC;ToxiPep
FVQWFSKFLGRIL,"[0, 1]",4,4,hypeptoxfuse_test_pos;toxipep_0.8_train;toxipep_0.9_train;toxmsrc_train,HyPepTox-Fuse;ToxMSRC;ToxiPep
GWRDWLKKAGGWLKKKGPGILKAALGAATQ,"[0, 1]",4,4,hypeptoxfuse_train_pos;toxipep_0.8_train;toxipep_0.9_train;toxmsrc_train,HyPepTox-Fuse;ToxMSRC;ToxiPep
FIGMIPGLIGGLISAIK,"[0, 1]",4,4,hypeptoxfuse_train_pos;toxipep_0.8_test;toxipep_0.9_train;toxmsrc_train,HyPepTox-Fuse;ToxMSRC;ToxiPep
GILDSFKGVAKGVAKDLAGKLLDKLKCKITGC,"[0, 1]",4,4,hypeptoxfuse_train_pos;toxipep_0.8_train;toxipep_0.9_train;toxmsrc_train,HyPepTox-Fuse;ToxMSRC;ToxiPep
MMRLVIILIVLLLISFSAY,"[0, 1]",4,4,hypeptoxfuse_train_pos;toxipep_0.8_train;toxipep_0.9_train;toxmsrc_train,HyPepTox-Fuse;ToxMSRC;ToxiPep
AQVESVCPGVVSC,"[0, 1]",4,4,hypeptoxfuse_train_pos;toxipep_0.8_train;toxipep_0.9_train;toxmsrc_train,HyPepTox-Fuse;ToxMSRC;ToxiPep
GIKEFAHSLGKFGKAFVGGILNQ,"[0, 1]",4,4,hypeptoxfuse_train_pos;toxipep_0.8_test;toxipep_0.9_train;toxmsrc_train,HyPepTox-Fuse;ToxMSRC;ToxiPep
GMASLLAKVLPHVVKLIK,"[0, 1]",4,4,hypeptoxfuse_test_pos;toxipep_0.8_test;toxipep_0.9_train;toxmsrc_train,HyPepTox-Fuse;ToxMSRC;ToxiPep
TESYFVFSVGM,"[0, 1]",4,4,hypeptoxfuse_train_pos;toxipep_0.8_test;toxipep_0.9_train;toxmsrc_train,HyPepTox-Fuse;ToxMSRC;ToxiPep
RICTPIPFPMCY,"[0, 1]",4,4,hypeptoxfuse_test_pos;toxipep_0.8_train;toxipep_0.9_train;toxmsrc_train,HyPepTox-Fuse;ToxMSRC;ToxiPep
SLFSLIKAGAKFLGKNLLKQGACYAACKASKQC,"[0, 1]",4,4,hypeptoxfuse_test_pos;toxipep_0.8_test;toxipep_0.9_train;toxmsrc_train,HyPepTox-Fuse;ToxMSRC;ToxiPep
IPCGESCVWIPCISGMFGCSCKDKVCYS,"[0, 1]",4,4,hypeptoxfuse_train_pos;toxipep_0.9_train;toxmsrc_test1;toxmsrc_test2,HyPepTox-Fuse;ToxMSRC;ToxiPep
MSPLKAVAVLTGADVKGVVQFT,"[0, 1]",4,4,hypeptoxfuse_train_pos;toxipep_0.8_train;toxipep_0.9_train;toxmsrc_train,HyPepTox-Fuse;ToxMSRC;ToxiPep
GVVDSAIDAETR,"[0, 1]",4,4,hypeptoxfuse_train_pos;toxipep_0.8_train;toxipep_0.9_train;toxmsrc_train,HyPepTox-Fuse;ToxMSRC;ToxiPep
MKAIAVLKGSEVTGVVRFEQQED,"[0, 1]",4,4,hypeptoxfuse_train_pos;toxipep_0.8_train;toxipep_0.9_train;toxmsrc_train,HyPepTox-Fuse;ToxMSRC;ToxiPep
MALKAVCVLKGAGETSGTVHFEQEDN,"[0, 1]",4,4,hypeptoxfuse_train_pos;toxipep_0.8_train;toxipep_0.9_train;toxmsrc_train,HyPepTox-Fuse;ToxMSRC;ToxiPep
ALWKNMLKGIGKLAGKAALGAVKKLVGAES,"[0, 1]",4,4,hypeptoxfuse_train_pos;toxipep_0.8_train;toxipep_0.9_train;toxmsrc_train,HyPepTox-Fuse;ToxMSRC;ToxiPep
FWGAAAKMLGKALPGLISMFQKN,"[0, 1]",4,4,hypeptoxfuse_test_pos;toxipep_0.8_train;toxipep_0.9_train;toxmsrc_train,HyPepTox-Fuse;ToxMSRC;ToxiPep
GTHPCQETCVTSTRCSTQGCHCNWPICFKN,"[0, 1]",4,4,hypeptoxfuse_train_pos;toxipep_0.8_train;toxipep_0.9_train;toxmsrc_train,HyPepTox-Fuse;ToxMSRC;ToxiPep
RICTAIPLPMCL,"[0, 1]",4,4,hypeptoxfuse_train_pos;toxipep_0.8_train;toxipep_0.9_train;toxmsrc_train,HyPepTox-Fuse;ToxMSRC;ToxiPep
FLSAITSLLGKLL,"[0, 1]",4,4,hypeptoxfuse_train_pos;toxipep_0.8_train;toxipep_0.9_train;toxmsrc_train,HyPepTox-Fuse;ToxMSRC;ToxiPep
YSKSLPLSVLNP,"[0, 1]",4,4,hypeptoxfuse_train_pos;toxipep_0.8_train;toxipep_0.9_train;toxmsrc_train,HyPepTox-Fuse;ToxMSRC;ToxiPep
WLNALLHHGLNCAKGVLA,"[0, 1]",4,4,hypeptoxfuse_train_pos;toxipep_0.8_train;toxipep_0.9_train;toxmsrc_train,HyPepTox-Fuse;ToxMSRC;ToxiPep
AGIGKIGDFIKKAIAKYKN,"[0, 1]",4,4,hypeptoxfuse_train_pos;toxipep_0.8_train;toxipep_0.9_train;toxmsrc_train,HyPepTox-Fuse;ToxMSRC;ToxiPep
GFMKYIGPLIPHAVKAISDLI,"[0, 1]",4,4,hypeptoxfuse_test_pos;toxipep_0.8_test;toxipep_0.9_train;toxmsrc_train,HyPepTox-Fuse;ToxMSRC;ToxiPep
DPAFRLPTTTRPRHYQAAIPDFSAGA,"[0, 1]",4,4,hypeptoxfuse_test_pos;toxipep_0.8_train;toxipep_0.9_train;toxmsrc_train,HyPepTox-Fuse;ToxMSRC;ToxiPep
GLWSKIKTAGKSVAKAAAKAAVKAVTNAV,"[0, 1]",4,4,hypeptoxfuse_train_pos;toxipep_0.8_train;toxipep_0.9_train;toxmsrc_train,HyPepTox-Fuse;ToxMSRC;ToxiPep
GLLGGLLGPLLGGGGGGGGGLL,"[0, 1]",4,4,hypeptoxfuse_train_pos;toxipep_0.8_train;toxipep_0.9_train;toxmsrc_train,HyPepTox-Fuse;ToxMSRC;ToxiPep
GKEGYPTDKRGCKLTCFFT,"[0, 1]",4,4,hypeptoxfuse_train_pos;toxipep_0.8_train;toxipep_0.9_train;toxmsrc_train,HyPepTox-Fuse;ToxMSRC;ToxiPep
GFLSILKKVLPKVMAHMK,"[0, 1]",4,4,hypeptoxfuse_train_pos;toxipep_0.8_test;toxipep_0.9_train;toxmsrc_train,HyPepTox-Fuse;ToxMSRC;ToxiPep
GDACGETCFTGICFTAGCSCNPWPTCTRN,"[0, 1]",4,4,hypeptoxfuse_train_pos;toxipep_0.8_train;toxipep_0.9_train;toxmsrc_train,HyPepTox-Fuse;ToxMSRC;ToxiPep
MDILTLGWVSILALFTWSIAMVVWGRNGF,"[0, 1]",4,4,hypeptoxfuse_train_pos;toxipep_0.8_train;toxipep_0.9_train;toxmsrc_train,HyPepTox-Fuse;ToxMSRC;ToxiPep
GMASTAGSVLGKLAKAVAIGAL,"[0, 1]",4,4,hypeptoxfuse_train_pos;toxipep_0.8_train;toxipep_0.9_train;toxmsrc_train,HyPepTox-Fuse;ToxMSRC;ToxiPep
LNWGAILKHIIK,"[0, 1]",4,4,hypeptoxfuse_train_pos;toxipep_0.8_train;toxipep_0.9_train;toxmsrc_train,HyPepTox-Fuse;ToxMSRC;ToxiPep
LLKELWTKMKGAGKAVLGKIKGLL,"[0, 1]",4,4,hypeptoxfuse_train_pos;toxipep_0.8_test;toxipep_0.9_train;toxmsrc_train,HyPepTox-Fuse;ToxMSRC;ToxiPep
VWLSALKFIGKHLAKHQLSKLGR,"[0, 1]",4,4,hypeptoxfuse_train_pos;toxipep_0.8_train;toxipep_0.9_train;toxmsrc_train,HyPepTox-Fuse;ToxMSRC;ToxiPep
VDKPDYRPRPWPRPN,"[0, 1]",4,4,hypeptoxfuse_train_pos;toxipep_0.8_test;toxipep_0.9_train;toxmsrc_train,HyPepTox-Fuse;ToxMSRC;ToxiPep
GQNFTSDKDLYTDSR,"[0, 1]",4,4,hypeptoxfuse_train_pos;toxipep_0.8_train;toxipep_0.9_train;toxmsrc_train,HyPepTox-Fuse;ToxMSRC;ToxiPep
ILGKLLSTAAGLLSNL,"[0, 1]",4,4,hypeptoxfuse_test_pos;toxipep_0.8_train;toxipep_0.9_train;toxmsrc_train,HyPepTox-Fuse;ToxMSRC;ToxiPep
SKGKKANKDVELARG,"[0, 1]",4,4,hypeptoxfuse_train_pos;toxipep_0.8_train;toxipep_0.9_train;toxmsrc_train,HyPepTox-Fuse;ToxMSRC;ToxiPep
GIGKFLHSAKKFGKAFVGEIMNS,"[0, 1]",4,4,hypeptoxfuse_train_pos;toxipep_0.8_train;toxipep_0.9_train;toxmsrc_train,HyPepTox-Fuse;ToxMSRC;ToxiPep
VNWKKVLGKIIKVAK,"[0, 1]",4,4,hypeptoxfuse_train_pos;toxipep_0.8_train;toxipep_0.9_train;toxmsrc_train,HyPepTox-Fuse;ToxMSRC;ToxiPep
VNWKKILGKIIKVVK,"[0, 1]",4,4,hypeptoxfuse_train_pos;toxipep_0.9_train;toxmsrc_test1;toxmsrc_test2,HyPepTox-Fuse;ToxMSRC;ToxiPep
GLFDVIKKVASVIGGL,"[0, 1]",4,4,hypeptoxfuse_train_pos;toxipep_0.8_train;toxipep_0.9_train;toxmsrc_train,HyPepTox-Fuse;ToxMSRC;ToxiPep
FLPLIGRVLSGIL,"[0, 1]",4,4,hypeptoxfuse_train_pos;toxipep_0.8_train;toxipep_0.9_train;toxmsrc_train,HyPepTox-Fuse;ToxMSRC;ToxiPep
GVFLDALKKFAKGGMNAVLNPK,"[0, 1]",4,4,hypeptoxfuse_train_pos;toxipep_0.8_train;toxipep_0.9_train;toxmsrc_train,HyPepTox-Fuse;ToxMSRC;ToxiPep
GILKKFMLHRGTKVYKMRTLSKRSH,"[0, 1]",4,4,hypeptoxfuse_train_pos;toxipep_0.8_train;toxipep_0.9_train;toxmsrc_train,HyPepTox-Fuse;ToxMSRC;ToxiPep
GLNTLKKVFQGLHEAIKLINNHVQ,"[0, 1]",4,4,hypeptoxfuse_train_pos;toxipep_0.8_train;toxipep_0.9_train;toxmsrc_train,HyPepTox-Fuse;ToxMSRC;ToxiPep
AYELPELPYAYDA,"[0, 1]",4,4,hypeptoxfuse_train_pos;toxipep_0.8_test;toxipep_0.9_train;toxmsrc_train,HyPepTox-Fuse;ToxMSRC;ToxiPep
GLLDTLKGAAKNVVGSLASKVMEKL,"[0, 1]",4,4,hypeptoxfuse_test_pos;toxipep_0.8_train;toxipep_0.9_train;toxmsrc_train,HyPepTox-Fuse;ToxMSRC;ToxiPep
GFKDLLKGAAKALVKTVLF,"[0, 1]",4,4,hypeptoxfuse_train_pos;toxipep_0.8_train;toxipep_0.9_train;toxmsrc_train,HyPepTox-Fuse;ToxMSRC;ToxiPep
KHTLPDLPYDFGALQPHISAEIM,"[0, 1]",4,4,hypeptoxfuse_train_pos;toxipep_0.8_train;toxipep_0.9_train;toxmsrc_train,HyPepTox-Fuse;ToxMSRC;ToxiPep
LFGGLLDKLKEKIKKYCNKENLDKACSKL,"[0, 1]",4,4,hypeptoxfuse_train_pos;toxipep_0.8_train;toxipep_0.9_train;toxmsrc_train,HyPepTox-Fuse;ToxMSRC;ToxiPep
INWKGIAAMAKKLL,"[0, 1]",4,4,hypeptoxfuse_train_pos;toxipep_0.8_train;toxipep_0.9_train;toxmsrc_train,HyPepTox-Fuse;ToxMSRC;ToxiPep
GLWSKIKEAAKAAGKAALNAVTGLVNQGDQPS,"[0, 1]",4,4,hypeptoxfuse_train_pos;toxipep_0.8_train;toxipep_0.9_train;toxmsrc_train,HyPepTox-Fuse;ToxMSRC;ToxiPep
SISCGESCAMISFCFTEVIGCSCKNKVCYLN,"[0, 1]",4,4,hypeptoxfuse_test_pos;toxipep_0.8_test;toxipep_0.9_train;toxmsrc_train,HyPepTox-Fuse;ToxMSRC;ToxiPep
SCADAYKSCDSLKCCNNRTCMCSMIGTNCTCRKK,"[0, 1]",4,4,hypeptoxfuse_train_pos;toxipep_0.8_train;toxipep_0.9_train;toxmsrc_train,HyPepTox-Fuse;ToxMSRC;ToxiPep
CTMLNVLTGTQEGLR,"[0, 1]",4,4,hypeptoxfuse_train_pos;toxipep_0.8_test;toxipep_0.9_train;toxmsrc_train,HyPepTox-Fuse;ToxMSRC;ToxiPep
FLPLLLAGLPKLLCLFFKKC,"[0, 1]",4,4,hypeptoxfuse_train_pos;toxipep_0.8_train;toxipep_0.9_train;toxmsrc_train,HyPepTox-Fuse;ToxMSRC;ToxiPep
GTACGESCYVLPCFTVGCTCTSSQCFKN,"[0, 1]",4,4,hypeptoxfuse_train_pos;toxipep_0.8_train;toxipep_0.9_train;toxmsrc_train,HyPepTox-Fuse;ToxMSRC;ToxiPep
RVCYAIPLPICY,"[0, 1]",4,4,hypeptoxfuse_train_pos;toxipep_0.8_train;toxipep_0.9_train;toxmsrc_train,HyPepTox-Fuse;ToxMSRC;ToxiPep
SPPFTSDQDLYTDSR,"[0, 1]",4,4,hypeptoxfuse_test_pos;toxipep_0.8_train;toxipep_0.9_train;toxmsrc_train,HyPepTox-Fuse;ToxMSRC;ToxiPep
FIGLLISAGKAIHDLIRRRH,"[0, 1]",4,4,hypeptoxfuse_train_pos;toxipep_0.8_train;toxipep_0.9_train;toxmsrc_train,HyPepTox-Fuse;ToxMSRC;ToxiPep
GSIPACGESCFKGKCYTPGCSCSKYPLCAKN,"[0, 1]",4,4,hypeptoxfuse_train_pos;toxipep_0.8_train;toxipep_0.9_train;toxmsrc_train,HyPepTox-Fuse;ToxMSRC;ToxiPep
GFLGSLLKTGLKVGSNLL,"[0, 1]",4,4,hypeptoxfuse_train_pos;toxipep_0.8_train;toxipep_0.9_train;toxmsrc_train,HyPepTox-Fuse;ToxMSRC;ToxiPep
LVSGCADLTALAAR,"[0, 1]",4,4,hypeptoxfuse_train_pos;toxipep_0.8_train;toxipep_0.9_train;toxmsrc_train,HyPepTox-Fuse;ToxMSRC;ToxiPep
INWKKIKSIIKAAMN,"[0, 1]",4,4,hypeptoxfuse_train_pos;toxipep_0.8_test;toxipep_0.9_train;toxmsrc_train,HyPepTox-Fuse;ToxMSRC;ToxiPep
SLLEFGMMILEE,"[0, 1]",4,4,hypeptoxfuse_train_pos;toxipep_0.8_train;toxipep_0.9_train;toxmsrc_train,HyPepTox-Fuse;ToxMSRC;ToxiPep
GLGSLLGKAFKIGLKTVGKMMGGAPREQ,"[0, 1]",4,4,hypeptoxfuse_train_pos;toxipep_0.8_test;toxipep_0.9_train;toxmsrc_train,HyPepTox-Fuse;ToxMSRC;ToxiPep
GVIDAAKKVVNVLKNLF,"[0, 1]",4,4,hypeptoxfuse_train_pos;toxipep_0.8_train;toxipep_0.9_train;toxmsrc_train,HyPepTox-Fuse;ToxMSRC;ToxiPep
GSLVKLVSTLLSLVPSLMKG,"[0, 1]",4,4,hypeptoxfuse_train_pos;toxipep_0.8_test;toxipep_0.9_train;toxmsrc_train,HyPepTox-Fuse;ToxMSRC;ToxiPep
GLLNGLALRLGKRALKKIIKRLCR,"[0, 1]",4,4,hypeptoxfuse_train_pos;toxipep_0.8_train;toxipep_0.9_train;toxmsrc_train,HyPepTox-Fuse;ToxMSRC;ToxiPep
GIWDTIKSMGKVFAGKILQNL,"[0, 1]",4,4,hypeptoxfuse_train_pos;toxipep_0.8_test;toxipep_0.9_train;toxmsrc_train,HyPepTox-Fuse;ToxMSRC;ToxiPep
GIPCGESCVFIPCLTTVAGCSCKNKVCYRN,"[0, 1]",4,4,hypeptoxfuse_train_pos;toxipep_0.8_test;toxipep_0.9_train;toxmsrc_train,HyPepTox-Fuse;ToxMSRC;ToxiPep
GEYCGESCYLIPCFTPGCYCVSRQCVNKN,"[0, 1]",4,4,hypeptoxfuse_train_pos;toxipep_0.8_train;toxipep_0.9_train;toxmsrc_train,HyPepTox-Fuse;ToxMSRC;ToxiPep
GMWSKILGHLIR,"[0, 1]",4,4,hypeptoxfuse_train_pos;toxipep_0.8_train;toxipep_0.9_train;toxmsrc_train,HyPepTox-Fuse;ToxMSRC;ToxiPep
GVPCGESCVYIPCFTGIINCSCRDKVCYNN,"[0, 1]",4,4,hypeptoxfuse_train_pos;toxipep_0.8_train;toxipep_0.9_train;toxmsrc_train,HyPepTox-Fuse;ToxMSRC;ToxiPep
INWKALLDAAKKVL,"[0, 1]",4,4,hypeptoxfuse_train_pos;toxipep_0.8_train;toxipep_0.9_train;toxmsrc_train,HyPepTox-Fuse;ToxMSRC;ToxiPep
FIHHIFRGIVHAGRSIGRFLTG,"[0, 1]",4,4,hypeptoxfuse_train_pos;toxipep_0.8_train;toxipep_0.9_train;toxmsrc_train,HyPepTox-Fuse;ToxMSRC;ToxiPep
MGNISPLTGTNGEIR,"[0, 1]",4,4,hypeptoxfuse_train_pos;toxipep_0.8_train;toxipep_0.9_train;toxmsrc_train,HyPepTox-Fuse;ToxMSRC;ToxiPep
FLSAITSILGKFF,"[0, 1]",4,4,hypeptoxfuse_train_pos;toxipep_0.8_train;toxipep_0.9_train;toxmsrc_train,HyPepTox-Fuse;ToxMSRC;ToxiPep
RQRVEELSKFSKKGAAARRRK,"[0, 1]",4,4,hypeptoxfuse_test_pos;toxipep_0.8_train;toxipep_0.9_train;toxmsrc_train,HyPepTox-Fuse;ToxMSRC;ToxiPep
LPYPVNCKTECECVMCGLGIICKQCYYQQ,"[0, 1]",4,4,hypeptoxfuse_train_pos;toxipep_0.8_train;toxipep_0.9_train;toxmsrc_train,HyPepTox-Fuse;ToxMSRC;ToxiPep
GFCAQKGIKCHDIHCCTNLKCVREGSNRVCRKA,"[0, 1]",4,4,hypeptoxfuse_test_pos;toxipep_0.8_train;toxipep_0.9_train;toxmsrc_train,HyPepTox-Fuse;ToxMSRC;ToxiPep
EMVALSGSHTIGQAR,"[0, 1]",4,4,hypeptoxfuse_train_pos;toxipep_0.9_train;toxmsrc_test1;toxmsrc_test2,HyPepTox-Fuse;ToxMSRC;ToxiPep
KWKIFKKIEKVGRNIRNGIIKAGPAVAVLGEAKAL,"[0, 1]",4,4,hypeptoxfuse_train_pos;toxipep_0.8_train;toxipep_0.9_train;toxmsrc_train,HyPepTox-Fuse;ToxMSRC;ToxiPep
IVAVLHSSEGVAGTITFIADSQIPLTGPNSI,"[0, 1]",4,4,hypeptoxfuse_train_pos;toxipep_0.8_train;toxipep_0.9_train;toxmsrc_train,HyPepTox-Fuse;ToxMSRC;ToxiPep
VVSCADILTLAAR,"[0, 1]",4,4,hypeptoxfuse_train_pos;toxipep_0.8_train;toxipep_0.9_train;toxmsrc_train,HyPepTox-Fuse;ToxMSRC;ToxiPep
GVGDLIRKAVSVIKNIV,"[0, 1]",4,4,hypeptoxfuse_train_pos;toxipep_0.8_test;toxipep_0.9_train;toxmsrc_train,HyPepTox-Fuse;ToxMSRC;ToxiPep
IPLRGAFINGRWDSQCHRFSNGAIACA,"[0, 1]",4,4,hypeptoxfuse_train_pos;toxipep_0.8_train;toxipep_0.9_train;toxmsrc_train,HyPepTox-Fuse;ToxMSRC;ToxiPep
SCSCQKHFSCCD,"[0, 1]",4,4,hypeptoxfuse_test_pos;toxipep_0.8_test;toxipep_0.9_train;toxmsrc_train,HyPepTox-Fuse;ToxMSRC;ToxiPep
GSTPCGESCVWIPCISGIVGCSCSNKVCYMD,"[0, 1]",4,4,hypeptoxfuse_train_pos;toxipep_0.8_test;toxipep_0.9_train;toxmsrc_train,HyPepTox-Fuse;ToxMSRC;ToxiPep
GLLPCAESCVYIPCLTTVIGCSCKSKVCYKN,"[0, 1]",4,4,hypeptoxfuse_train_pos;toxipep_0.8_train;toxipep_0.9_train;toxmsrc_train,HyPepTox-Fuse;ToxMSRC;ToxiPep
FLFPLITSFLSKVL,"[0, 1]",4,4,hypeptoxfuse_train_pos;toxipep_0.8_train;toxipep_0.9_train;toxmsrc_train,HyPepTox-Fuse;ToxMSRC;ToxiPep
GFLDIINKLGKTFAGHMLDKIKCTIGTCPPSP,"[0, 1]",4,4,hypeptoxfuse_train_pos;toxipep_0.8_train;toxipep_0.9_train;toxmsrc_train,HyPepTox-Fuse;ToxMSRC;ToxiPep
FLPAIAGILSQLF,"[0, 1]",4,4,hypeptoxfuse_test_pos;toxipep_0.8_train;toxipep_0.9_train;toxmsrc_train,HyPepTox-Fuse;ToxMSRC;ToxiPep
HAGDLGNIVAGSDGV,"[0, 1]",4,4,hypeptoxfuse_train_pos;toxipep_0.8_train;toxipep_0.9_train;toxmsrc_train,HyPepTox-Fuse;ToxMSRC;ToxiPep
APCTYPGQQCKSDDECCHGTCKTAFIGRICMR,"[0, 1]",4,4,hypeptoxfuse_train_pos;toxipep_0.8_train;toxipep_0.9_train;toxmsrc_train,HyPepTox-Fuse;ToxMSRC;ToxiPep
FWGHIWNAVKRVGANALHGAVTGALS,"[0, 1]",4,4,hypeptoxfuse_train_pos;toxipep_0.8_test;toxipep_0.9_train;toxmsrc_train,HyPepTox-Fuse;ToxMSRC;ToxiPep
FLPLVTGLLSGLL,"[0, 1]",4,4,hypeptoxfuse_train_pos;toxipep_0.8_train;toxipep_0.9_train;toxmsrc_train,HyPepTox-Fuse;ToxMSRC;ToxiPep
NLYQFKNMVQCVGTQLCVAYVKYGCYCGPG,"[0, 1]",4,4,hypeptoxfuse_train_pos;toxipep_0.8_train;toxipep_0.9_train;toxmsrc_train,HyPepTox-Fuse;ToxMSRC;ToxiPep
LLGMIPLAISAISALSKL,"[0, 1]",4,4,hypeptoxfuse_train_pos;toxipep_0.8_test;toxipep_0.9_train;toxmsrc_train,HyPepTox-Fuse;ToxMSRC;ToxiPep
HGVSGHGQHGVHG,"[0, 1]",4,4,hypeptoxfuse_train_pos;toxipep_0.8_train;toxipep_0.9_train;toxmsrc_train,HyPepTox-Fuse;ToxMSRC;ToxiPep
LKLKSIVSWAKKVL,"[0, 1]",4,4,hypeptoxfuse_train_pos;toxipep_0.8_test;toxipep_0.9_train;toxmsrc_train,HyPepTox-Fuse;ToxMSRC;ToxiPep
EVVLDSDGEMLRNGGKYYLSPASPIGGGA,"[0, 1]",4,4,hypeptoxfuse_train_pos;toxipep_0.8_train;toxipep_0.9_train;toxmsrc_train,HyPepTox-Fuse;ToxMSRC;ToxiPep
AFELPALPYAKDALEPHISA,"[0, 1]",4,4,hypeptoxfuse_train_pos;toxipep_0.8_test;toxipep_0.9_train;toxmsrc_train,HyPepTox-Fuse;ToxMSRC;ToxiPep
GFFLNALKNFAKTAGKRLKSLLNHASCKLSGQC,"[0, 1]",4,4,hypeptoxfuse_test_pos;toxipep_0.8_train;toxipep_0.9_train;toxmsrc_train,HyPepTox-Fuse;ToxMSRC;ToxiPep
ADDDLEGFSEEDLKAIKEHRAGLAA,"[0, 1]",4,4,hypeptoxfuse_train_pos;toxipep_0.8_train;toxipep_0.9_train;toxmsrc_train,HyPepTox-Fuse;ToxMSRC;ToxiPep
HVDKKVADKVLLLKQLRIMRLLTRL,"[0, 1]",4,4,hypeptoxfuse_train_pos;toxipep_0.8_train;toxipep_0.9_train;toxmsrc_train,HyPepTox-Fuse;ToxMSRC;ToxiPep
INWLKLGKMVIDAL,"[0, 1]",4,4,hypeptoxfuse_train_pos;toxipep_0.8_train;toxipep_0.9_test;toxmsrc_train,HyPepTox-Fuse;ToxMSRC;ToxiPep
NLAPLDLQTPTAFDNNYYK,"[0, 1]",4,4,hypeptoxfuse_test_pos;toxipep_0.8_train;toxipep_0.9_test;toxmsrc_train,HyPepTox-Fuse;ToxMSRC;ToxiPep
DLLGTLGNLPLPFI,"[0, 1]",4,4,hypeptoxfuse_train_pos;toxipep_0.8_train;toxipep_0.9_test;toxmsrc_train,HyPepTox-Fuse;ToxMSRC;ToxiPep
FDIMGLIKKVAGAL,"[0, 1]",4,4,hypeptoxfuse_train_pos;toxipep_0.8_test;toxipep_0.9_test;toxmsrc_train,HyPepTox-Fuse;ToxMSRC;ToxiPep
VSCADILTMATRQFDNVYYKNLQQGK,"[0, 1]",4,4,hypeptoxfuse_train_pos;toxipep_0.8_train;toxipep_0.9_test;toxmsrc_train,HyPepTox-Fuse;ToxMSRC;ToxiPep
MKHKSGKRSWKTLYFEFAFLGLKVIVSVKR,"[0, 1]",4,4,hypeptoxfuse_test_pos;toxipep_0.8_train;toxipep_0.9_test;toxmsrc_train,HyPepTox-Fuse;ToxMSRC;ToxiPep
ITFSKIYRSCKSDSDCGNQKCARGRCV,"[0, 1]",4,4,hypeptoxfuse_test_pos;toxipep_0.9_test;toxmsrc_test1;toxmsrc_test2,HyPepTox-Fuse;ToxMSRC;ToxiPep
MTDCRYLIKRVIKIIIAVLQLILLFL,"[0, 1]",4,4,hypeptoxfuse_train_pos;toxipep_0.8_train;toxipep_0.9_test;toxmsrc_train,HyPepTox-Fuse;ToxMSRC;ToxiPep
SGYLPGKEYVYKYKGKVF,"[0, 1]",4,4,hypeptoxfuse_train_pos;toxipep_0.8_train;toxipep_0.9_test;toxmsrc_train,HyPepTox-Fuse;ToxMSRC;ToxiPep
ILQKAVLDCLKAAGSSLSKAAITAIYNKIT,"[0, 1]",4,4,hypeptoxfuse_train_pos;toxipep_0.8_train;toxipep_0.9_test;toxmsrc_train,HyPepTox-Fuse;ToxMSRC;ToxiPep
SLLSLIRKLIT,"[0, 1]",4,4,hypeptoxfuse_train_pos;toxipep_0.8_test;toxipep_0.9_test;toxmsrc_train,HyPepTox-Fuse;ToxMSRC;ToxiPep
GLLDSIKGMAISAGKGALQNLLKVASCKLDKTC,"[0, 1]",4,4,hypeptoxfuse_test_pos;toxipep_0.8_train;toxipep_0.9_test;toxmsrc_train,HyPepTox-Fuse;ToxMSRC;ToxiPep
GLWSKIKEAAKTAGLMAMGFVNDMV,"[0, 1]",4,4,hypeptoxfuse_train_pos;toxipep_0.8_train;toxipep_0.9_test;toxmsrc_train,HyPepTox-Fuse;ToxMSRC;ToxiPep
GLVNGLLSSVLGGGQGGGGLLGGIL,"[0, 1]",4,4,hypeptoxfuse_train_pos;toxipep_0.8_train;toxipep_0.9_test;toxmsrc_train,HyPepTox-Fuse;ToxMSRC;ToxiPep
IDWKKLLDAAKQIL,"[0, 1]",4,4,hypeptoxfuse_train_pos;toxipep_0.8_train;toxipep_0.9_test;toxmsrc_train,HyPepTox-Fuse;ToxMSRC;ToxiPep
FLIGMTQGLICLITRKC,"[0, 1]",4,4,hypeptoxfuse_train_pos;toxipep_0.8_train;toxipep_0.9_test;toxmsrc_train,HyPepTox-Fuse;ToxMSRC;ToxiPep
FLIGMTHGLICLISRKC,"[0, 1]",4,4,hypeptoxfuse_test_pos;toxipep_0.9_test;toxmsrc_test1;toxmsrc_test2,HyPepTox-Fuse;ToxMSRC;ToxiPep
ATYTLPEPPYDYAAL,"[0, 1]",4,4,hypeptoxfuse_test_pos;toxipep_0.8_train;toxipep_0.9_test;toxmsrc_train,HyPepTox-Fuse;ToxMSRC;ToxiPep
GKEKDVFMDKLRDAGAAGIDYLKHFTHHIVKKKN,"[0, 1]",4,4,hypeptoxfuse_train_pos;toxipep_0.8_train;toxipep_0.9_test;toxmsrc_train,HyPepTox-Fuse;ToxMSRC;ToxiPep
MGQLNVLTGSKGEIR,"[0, 1]",4,4,hypeptoxfuse_train_pos;toxipep_0.8_train;toxipep_0.9_test;toxmsrc_train,HyPepTox-Fuse;ToxMSRC;ToxiPep
FLPVLAGIAAKVVPALFCKITKKC,"[0, 1]",4,4,hypeptoxfuse_train_pos;toxipep_0.8_train;toxipep_0.9_test;toxmsrc_train,HyPepTox-Fuse;ToxMSRC;ToxiPep
LMCTHPLDCSN,"[0, 1]",4,4,hypeptoxfuse_train_pos;toxipep_0.8_train;toxipep_0.9_test;toxmsrc_train,HyPepTox-Fuse;ToxMSRC;ToxiPep
MMKLLIIVVLLVISFPAY,"[0, 1]",4,4,hypeptoxfuse_test_pos;toxipep_0.8_train;toxipep_0.9_test;toxmsrc_train,HyPepTox-Fuse;ToxMSRC;ToxiPep
RKGWFKAMKSIAKFIAKEKLKEHL,"[0, 1]",4,4,hypeptoxfuse_train_pos;toxipep_0.8_test;toxipep_0.9_test;toxmsrc_train,HyPepTox-Fuse;ToxMSRC;ToxiPep
LNLKALLAVAKKIL,"[0, 1]",4,4,hypeptoxfuse_train_pos;toxipep_0.8_test;toxipep_0.9_test;toxmsrc_train,HyPepTox-Fuse;ToxMSRC;ToxiPep
GFGMALKLLKKVL,"[0, 1]",4,4,hypeptoxfuse_train_pos;toxipep_0.8_train;toxipep_0.9_test;toxmsrc_train,HyPepTox-Fuse;ToxMSRC;ToxiPep
MSTFQALMLMLAIGSFIIALLTYIEKIDLP,"[0, 1]",4,4,hypeptoxfuse_train_pos;toxipep_0.8_train;toxipep_0.9_test;toxmsrc_train,HyPepTox-Fuse;ToxMSRC;ToxiPep
VALGGCLPTVQLGR,"[0, 1]",4,4,hypeptoxfuse_train_pos;toxipep_0.8_train;toxipep_0.9_test;toxmsrc_train,HyPepTox-Fuse;ToxMSRC;ToxiPep
QKLCERPSGTWSGVCGNNNACKNQCIN,"[0, 1]",4,4,hypeptoxfuse_train_pos;toxipep_0.8_test;toxipep_0.9_test;toxmsrc_train,HyPepTox-Fuse;ToxMSRC;ToxiPep
GLRDFNVAVRASNGKYWTRRPESGTLV,"[0, 1]",4,4,hypeptoxfuse_test_pos;toxipep_0.8_test;toxipep_0.9_test;toxmsrc_train,HyPepTox-Fuse;ToxMSRC;ToxiPep
GFIGWGNNIFGHYSGDF,"[0, 1]",4,4,hypeptoxfuse_test_pos;toxipep_0.8_train;toxipep_0.9_test;toxmsrc_train,HyPepTox-Fuse;ToxMSRC;ToxiPep
MAKFELPNLPTADDAL,"[0, 1]",4,4,hypeptoxfuse_train_pos;toxipep_0.8_train;toxipep_0.9_test;toxmsrc_train,HyPepTox-Fuse;ToxMSRC;ToxiPep
GKWMSLLKHILK,"[0, 1]",4,4,hypeptoxfuse_train_pos;toxipep_0.8_train;toxipep_0.9_test;toxmsrc_train,HyPepTox-Fuse;ToxMSRC;ToxiPep
GLADFLNKAVGKVVDFVKS,"[0, 1]",4,4,hypeptoxfuse_train_pos;toxipep_0.8_train;toxipep_0.9_test;toxmsrc_train,HyPepTox-Fuse;ToxMSRC;ToxiPep
RFRLPFRRPPIRIHPPPFYPPFRRFL,"[0, 1]",3,3,hypeptoxfuse_train_pos;toxgin_train;toxmsrc_train,HyPepTox-Fuse;ToxGIN;ToxMSRC
FLSLIPHAINAVGVHAKHF,"[0, 1]",3,3,hypeptoxfuse_train_pos;toxgin_train;toxmsrc_train,HyPepTox-Fuse;ToxGIN;ToxMSRC
FLPLLAGLAANFLPTIICKISYKC,"[0, 1]",3,3,hypeptoxfuse_train_pos;toxgin_train;toxmsrc_train,HyPepTox-Fuse;ToxGIN;ToxMSRC
FLPFIARLAAKVFPSIICSVTKKC,"[0, 1]",3,3,hypeptoxfuse_train_pos;toxgin_train;toxmsrc_test1,HyPepTox-Fuse;ToxGIN;ToxMSRC
YPCKLNLKLGKVPFH,"[0, 1]",3,3,hypeptoxfuse_train_pos;toxgin_train;toxmsrc_train,HyPepTox-Fuse;ToxGIN;ToxMSRC
HSDAVFTDNYTRLRKQMAVKKYLNSILN,"[0, 1]",3,3,hypeptoxfuse_test_pos;toxgin_train;toxmsrc_train,HyPepTox-Fuse;ToxGIN;ToxMSRC
GDCGCSGASSCTCASGQCTCSGCGK,"[0, 1]",3,3,hypeptoxfuse_train_pos;toxgin_train;toxmsrc_train,HyPepTox-Fuse;ToxGIN;ToxMSRC
GLLSKVLGVGKKVLCGVSGLC,"[0, 1]",3,3,hypeptoxfuse_test_pos;toxgin_train;toxmsrc_train,HyPepTox-Fuse;ToxGIN;ToxMSRC
YLGPTADSTMDQTFANN,"[0, 1]",3,3,hypeptoxfuse_train_pos;toxgin_train;toxmsrc_train,HyPepTox-Fuse;ToxGIN;ToxMSRC
AEYTLPDLGWDYAASGPG,"[0, 1]",3,3,hypeptoxfuse_train_pos;toxgin_train;toxmsrc_train,HyPepTox-Fuse;ToxGIN;ToxMSRC
GLPTCGETCTLGKCNTPKCTCNWPICYKD,"[0, 1]",3,3,hypeptoxfuse_train_pos;toxgin_train;toxmsrc_train,HyPepTox-Fuse;ToxGIN;ToxMSRC
AGETHTVMINHAGRGAPKLVVGGKKLS,"[0, 1]",3,3,hypeptoxfuse_train_pos;toxgin_train;toxmsrc_train,HyPepTox-Fuse;ToxGIN;ToxMSRC
VRDICKKEAERQDLSSCENYITQRRGY,"[0, 1]",3,3,hypeptoxfuse_test_pos;toxgin_train;toxmsrc_train,HyPepTox-Fuse;ToxGIN;ToxMSRC
GILSTFKGLAKGVAKDLAGNLLDKFKCKITGC,"[0, 1]",3,3,hypeptoxfuse_test_pos;toxgin_train;toxmsrc_train,HyPepTox-Fuse;ToxGIN;ToxMSRC
FLGGLIGPLMSLIPGLLK,"[0, 1]",3,3,hypeptoxfuse_train_pos;toxgin_train;toxmsrc_train,HyPepTox-Fuse;ToxGIN;ToxMSRC
MTKKAVVVLWGISQVEGVVNLLQE,"[0, 1]",3,3,hypeptoxfuse_train_pos;toxgin_train;toxmsrc_train,HyPepTox-Fuse;ToxGIN;ToxMSRC
MQVNNLGFIASILFVLVPTVFLLILFIQTRQETEG,"[0, 1]",3,3,hypeptoxfuse_train_pos;toxgin_train;toxmsrc_train,HyPepTox-Fuse;ToxGIN;ToxMSRC
GCASRCKAKCAGRRCKGWASASFRGRCYCKCFRC,"[0, 1]",3,3,hypeptoxfuse_train_pos;toxgin_train;toxmsrc_test1,HyPepTox-Fuse;ToxGIN;ToxMSRC
FNALGLSTRDLVALSGAHTIGQAR,"[0, 1]",3,3,hypeptoxfuse_train_pos;toxgin_train;toxmsrc_train,HyPepTox-Fuse;ToxGIN;ToxMSRC
IFGAILPLALGALKNLIK,"[0, 1]",3,3,hypeptoxfuse_train_pos;toxgin_train;toxmsrc_train,HyPepTox-Fuse;ToxGIN;ToxMSRC
LLGMIPVAITAISALSKL,"[0, 1]",3,3,hypeptoxfuse_train_pos;toxgin_train;toxmsrc_train,HyPepTox-Fuse;ToxGIN;ToxMSRC
GLVDVLGKVGGLIKKLLPG,"[0, 1]",3,3,hypeptoxfuse_train_pos;toxgin_train;toxmsrc_train,HyPepTox-Fuse;ToxGIN;ToxMSRC
GMASKAGSVLGKVAKVALKAAL,"[0, 1]",3,3,hypeptoxfuse_train_pos;toxgin_train;toxmsrc_train,HyPepTox-Fuse;ToxGIN;ToxMSRC
SIGSAFKKALPVAKKIGKAALPIAKAALP,"[0, 1]",3,3,hypeptoxfuse_train_pos;toxgin_train;toxmsrc_train,HyPepTox-Fuse;ToxGIN;ToxMSRC
FWGALVAGLAPKVAIGIKAINKKG,"[0, 1]",3,3,hypeptoxfuse_train_pos;toxgin_train;toxmsrc_train,HyPepTox-Fuse;ToxGIN;ToxMSRC
GLTQKDLVALSGAHTIGKAR,"[0, 1]",3,3,hypeptoxfuse_train_pos;toxgin_train;toxmsrc_train,HyPepTox-Fuse;ToxGIN;ToxMSRC
GSKKPVPIIYCNRRTGKCQRM,"[0, 1]",3,3,hypeptoxfuse_test_pos;toxgin_train;toxmsrc_train,HyPepTox-Fuse;ToxGIN;ToxMSRC
CENTISGCSRADCLLTHRKQGCQKTCGLC,"[0, 1]",3,3,hypeptoxfuse_test_pos;toxgin_train;toxmsrc_train,HyPepTox-Fuse;ToxGIN;ToxMSRC
FFSMIPKIATGIASLVKNL,"[0, 1]",3,3,hypeptoxfuse_train_pos;toxgin_train;toxmsrc_train,HyPepTox-Fuse;ToxGIN;ToxMSRC
FLSLIPKIAGGIASLVKNL,"[0, 1]",3,3,hypeptoxfuse_train_pos;toxgin_train;toxmsrc_train,HyPepTox-Fuse;ToxGIN;ToxMSRC
TVKCGGCNRKCCPGGCRSGKCINGKCQCY,"[0, 1]",3,3,hypeptoxfuse_train_pos;toxgin_train;toxmsrc_train,HyPepTox-Fuse;ToxGIN;ToxMSRC
GKPICGETCFKGKCYTPGCTCSYPICKKD,"[0, 1]",3,3,hypeptoxfuse_train_pos;toxgin_train;toxmsrc_train,HyPepTox-Fuse;ToxGIN;ToxMSRC
VLYQAVNVFSMDVIDVNSAAPKTCD,"[0, 1]",3,3,hypeptoxfuse_train_pos;toxgin_train;toxmsrc_test1,HyPepTox-Fuse;ToxGIN;ToxMSRC
FVYGNGVTSILVQAQFLVNGQRRFFYTPDK,"[0, 1]",3,3,hypeptoxfuse_train_pos;toxgin_train;toxmsrc_train,HyPepTox-Fuse;ToxGIN;ToxMSRC
SIFVLPDLPYAKDALPKISAKTFDFGK,"[0, 1]",3,3,hypeptoxfuse_test_pos;toxgin_train;toxmsrc_train,HyPepTox-Fuse;ToxGIN;ToxMSRC
MMKHVIILVILLVISFQAY,"[0, 1]",3,3,hypeptoxfuse_train_pos;toxgin_train;toxmsrc_train,HyPepTox-Fuse;ToxGIN;ToxMSRC
GFKDWMKKAGSWLKKKGPALIKAAMQE,"[0, 1]",3,3,hypeptoxfuse_train_pos;toxgin_train;toxmsrc_train,HyPepTox-Fuse;ToxGIN;ToxMSRC
GIGKFLHSAGKFGKAFLGEVMKS,"[0, 1]",3,3,hypeptoxfuse_train_pos;toxgin_train;toxmsrc_train,HyPepTox-Fuse;ToxGIN;ToxMSRC
MMKLVIILVVLLLLSFPTY,"[0, 1]",3,3,hypeptoxfuse_test_pos;toxgin_train;toxmsrc_train,HyPepTox-Fuse;ToxGIN;ToxMSRC
GLLDFVTGVGKDIFAQLIKQI,"[0, 1]",3,3,hypeptoxfuse_train_pos;toxgin_train;toxmsrc_test1,HyPepTox-Fuse;ToxGIN;ToxMSRC
GIMSIVKDVAKNAAKEAAKGALSTLSCKLAKTC,"[0, 1]",3,3,hypeptoxfuse_test_pos;toxgin_train;toxmsrc_train,HyPepTox-Fuse;ToxGIN;ToxMSRC
GLFGVLGSIAKHVLPHVVPVIAEKL,"[0, 1]",3,3,hypeptoxfuse_train_pos;toxgin_train;toxmsrc_train,HyPepTox-Fuse;ToxGIN;ToxMSRC
DLWNSIKDMAAAAGRAALNAVTGMVNQ,"[0, 1]",3,3,hypeptoxfuse_train_pos;toxgin_train;toxmsrc_train,HyPepTox-Fuse;ToxGIN;ToxMSRC
ISLAQIKKLLQIIKQGLKAICDNRDLIAKGCQA,"[0, 1]",3,3,hypeptoxfuse_train_pos;toxgin_train;toxmsrc_train,HyPepTox-Fuse;ToxGIN;ToxMSRC
RRWCFRVCYRGFCYRKCR,"[0, 1]",3,3,hypeptoxfuse_train_pos;toxgin_train;toxmsrc_train,HyPepTox-Fuse;ToxGIN;ToxMSRC
SAPRGCWTKSYPPKPCK,"[0, 1]",3,3,hypeptoxfuse_train_pos;toxgin_train;toxmsrc_train,HyPepTox-Fuse;ToxGIN;ToxMSRC
SEIPQPSLDFEQFSNMIQCTIPPGEECLAY,"[0, 1]",3,3,hypeptoxfuse_train_pos;toxgin_train;toxmsrc_train,HyPepTox-Fuse;ToxGIN;ToxMSRC
KWCFRVCYRGICYRRCR,"[0, 1]",3,3,hypeptoxfuse_train_pos;toxgin_train;toxmsrc_train,HyPepTox-Fuse;ToxGIN;ToxMSRC
GWKDWAKKAGGWLKKKGPGMAKAALKAAMQ,"[0, 1]",3,3,hypeptoxfuse_train_pos;toxgin_test;toxgin_train,HyPepTox-Fuse;ToxGIN
GWKDWLKTAGGWLKKKGPSILKAVVGAATQ,"[0, 1]",3,3,hypeptoxfuse_train_pos;toxgin_train;toxmsrc_test1,HyPepTox-Fuse;ToxGIN;ToxMSRC
LRDYANRVINGGPVEAAGPPA,"[0, 1]",3,3,hypeptoxfuse_test_pos;toxgin_train;toxmsrc_train,HyPepTox-Fuse;ToxGIN;ToxMSRC
GLKDWVKIAGGWLKKKGPGILKAAMAAATQ,"[0, 1]",3,3,hypeptoxfuse_test_pos;toxgin_train;toxmsrc_test1,HyPepTox-Fuse;ToxGIN;ToxMSRC
TQLEAACPNVVSCADILALAAR,"[0, 1]",3,3,hypeptoxfuse_train_pos;toxgin_train;toxmsrc_train,HyPepTox-Fuse;ToxGIN;ToxMSRC
FLSLIPHIATGIAALAKHL,"[0, 1]",3,3,hypeptoxfuse_train_pos;toxgin_train;toxmsrc_train,HyPepTox-Fuse;ToxGIN;ToxMSRC
FLGGLMKIGAKLLPSVIGLFKKKQ,"[0, 1]",3,3,hypeptoxfuse_train_pos;toxgin_train;toxmsrc_train,HyPepTox-Fuse;ToxGIN;ToxMSRC
RWKIFKKIEKVGQNIRDGIVKAGPAVAVVGQAATI,"[0, 1]",3,3,hypeptoxfuse_train_pos;toxgin_train;toxmsrc_train,HyPepTox-Fuse;ToxGIN;ToxMSRC
FWGALFKTVAKVVAPFVPDIVKWVQEKV,"[0, 1]",3,3,hypeptoxfuse_train_pos;toxgin_train;toxmsrc_train,HyPepTox-Fuse;ToxGIN;ToxMSRC
MAIVGTIIKIIKAIIDIFAK,"[0, 1]",3,3,hypeptoxfuse_train_pos;toxgin_train;toxmsrc_train,HyPepTox-Fuse;ToxGIN;ToxMSRC
GLWSTIKQKGKEAAIAAAKAAGQAALGAL,"[0, 1]",3,3,hypeptoxfuse_train_pos;toxgin_train;toxmsrc_train,HyPepTox-Fuse;ToxGIN;ToxMSRC
GILSSIKGVAKGVAKNVAAQLLDTLKCKITGC,"[0, 1]",3,3,hypeptoxfuse_train_pos;toxgin_train;toxmsrc_train,HyPepTox-Fuse;ToxGIN;ToxMSRC
GFMDLIKKAGGWLKKKGPALIKAALQE,"[0, 1]",3,3,hypeptoxfuse_train_pos;toxgin_test;toxgin_train,HyPepTox-Fuse;ToxGIN
VTMGYIKDGDGKKIAKKKNKNGRKHVEIDLNKVG,"[0, 1]",3,3,hypeptoxfuse_train_pos;toxgin_train;toxmsrc_test1,HyPepTox-Fuse;ToxGIN;ToxMSRC
GVIPCGESCVFIPCISTLLGCSCKNKVCYRN,"[0, 1]",3,3,hypeptoxfuse_train_pos;toxgin_train;toxmsrc_train,HyPepTox-Fuse;ToxGIN;ToxMSRC
MNLVDIAILILKLIVAALQLLDAVLKYLK,"[0, 1]",3,3,hypeptoxfuse_train_pos;toxgin_train;toxmsrc_train,HyPepTox-Fuse;ToxGIN;ToxMSRC
GIFGKILGVGKKVLCGLSGMC,"[0, 1]",3,3,hypeptoxfuse_train_pos;toxgin_train;toxipep_independent,HyPepTox-Fuse;ToxGIN;ToxiPep
GFWKKVGSAAWGGVKAAAKGAAVGGLNALAKHIQ,"[0, 1]",3,3,hypeptoxfuse_train_pos;toxgin_train;toxmsrc_train,HyPepTox-Fuse;ToxGIN;ToxMSRC
GMATKAGTALGKVAKAVIGAAL,"[0, 1]",3,3,hypeptoxfuse_train_pos;toxgin_train;toxmsrc_train,HyPepTox-Fuse;ToxGIN;ToxMSRC
FLPKMSTKLRVPYRRGTKDYH,"[0, 1]",3,3,hypeptoxfuse_train_pos;toxgin_train;toxmsrc_train,HyPepTox-Fuse;ToxGIN;ToxMSRC
GLVSGLLNSVTGLLGNLAGGGL,"[0, 1]",3,3,hypeptoxfuse_test_pos;toxgin_train;toxmsrc_train,HyPepTox-Fuse;ToxGIN;ToxMSRC
GIWGTALKWGVKLLPKLVGMAQTKKQ,"[0, 1]",3,3,hypeptoxfuse_train_pos;toxgin_test;toxgin_train,HyPepTox-Fuse;ToxGIN
NYPTQDSTMDKTFANNL,"[0, 1]",3,3,hypeptoxfuse_train_pos;toxgin_train;toxmsrc_train,HyPepTox-Fuse;ToxGIN;ToxMSRC
FWGTLAKLALKAVPAVMGMIKKE,"[0, 1]",3,3,hypeptoxfuse_train_pos;toxgin_train;toxmsrc_train,HyPepTox-Fuse;ToxGIN;ToxMSRC
FLGSLFSIGSKLLPGVIKLFQRKKQ,"[0, 1]",3,3,hypeptoxfuse_train_pos;toxgin_train;toxmsrc_train,HyPepTox-Fuse;ToxGIN;ToxMSRC
FIGTALGIASAIPAIVKLFK,"[0, 1]",3,3,hypeptoxfuse_train_pos;toxgin_test;toxgin_train,HyPepTox-Fuse;ToxGIN
ALWKDILKNAGKAALNEINQIVQ,"[0, 1]",3,3,hypeptoxfuse_train_pos;toxipep_0.9_train;toxmsrc_train,HyPepTox-Fuse;ToxMSRC;ToxiPep
FLPIIAGMAAKVICAITKKC,"[0, 1]",3,3,hypeptoxfuse_train_pos;toxipep_0.9_train;toxmsrc_train,HyPepTox-Fuse;ToxMSRC;ToxiPep
GTIPCGESCVFIPCLTSALGCSCKSKVCYKN,"[0, 1]",3,3,hypeptoxfuse_train_pos;toxipep_0.9_train;toxmsrc_train,HyPepTox-Fuse;ToxMSRC;ToxiPep
WNETSDKDLYTDSR,"[0, 1]",3,3,hypeptoxfuse_train_pos;toxipep_0.9_train;toxmsrc_train,HyPepTox-Fuse;ToxMSRC;ToxiPep
VDFDSESPRRPEIQ,"[0, 1]",3,3,hypeptoxfuse_train_pos;toxipep_0.9_train;toxmsrc_train,HyPepTox-Fuse;ToxMSRC;ToxiPep
MMKLVIILIVLLLVSFAAY,"[0, 1]",3,3,hypeptoxfuse_train_pos;toxipep_0.9_train;toxmsrc_train,HyPepTox-Fuse;ToxMSRC;ToxiPep
GVWSTVLGGLKKFAKGGLEAIVNPK,"[0, 1]",3,3,hypeptoxfuse_test_pos;toxipep_0.9_train;toxmsrc_train,HyPepTox-Fuse;ToxMSRC;ToxiPep
FLPLIGKVLSGIL,"[0, 1]",3,3,hypeptoxfuse_train_pos;toxipep_0.9_train;toxmsrc_train,HyPepTox-Fuse;ToxMSRC;ToxiPep
LFGNIIDKLREKIKKYCNKENLDKACSKL,"[0, 1]",3,3,hypeptoxfuse_train_pos;toxipep_0.9_train;toxmsrc_train,HyPepTox-Fuse;ToxMSRC;ToxiPep
GLPICGETCVGGTCNTPGCSCSWPVCTRN,"[0, 1]",3,3,hypeptoxfuse_train_pos;toxipep_0.9_train;toxmsrc_train,HyPepTox-Fuse;ToxMSRC;ToxiPep
KHSLPDLPYDYGA,"[0, 1]",3,3,hypeptoxfuse_train_pos;toxipep_0.9_train;toxmsrc_train,HyPepTox-Fuse;ToxMSRC;ToxiPep
GIMDSVKGLAKNLAGKLLDSLKCKITGC,"[0, 1]",3,3,hypeptoxfuse_train_pos;toxipep_0.9_train;toxmsrc_train,HyPepTox-Fuse;ToxMSRC;ToxiPep
ELVTLSGAHTIGQAR,"[0, 1]",3,3,hypeptoxfuse_test_pos;toxipep_0.9_train;toxmsrc_train,HyPepTox-Fuse;ToxMSRC;ToxiPep
GLPTCGETCFKGKCYTPGCSCSYPICKKD,"[0, 1]",3,3,hypeptoxfuse_train_pos;toxipep_0.9_train;toxmsrc_train,HyPepTox-Fuse;ToxMSRC;ToxiPep
GIPCGESCIFIPCITTVVGCSCSNKVCYDN,"[0, 1]",3,3,hypeptoxfuse_train_pos;toxipep_0.9_train;toxmsrc_train,HyPepTox-Fuse;ToxMSRC;ToxiPep
RVCFAIPLPICH,"[0, 1]",3,3,hypeptoxfuse_test_pos;toxipep_0.9_train;toxmsrc_train,HyPepTox-Fuse;ToxMSRC;ToxiPep
GFPCGESCVYIPCFTAAIGCSCKSKVCYKN,"[0, 1]",3,3,hypeptoxfuse_train_pos;toxipep_0.9_train;toxmsrc_train,HyPepTox-Fuse;ToxMSRC;ToxiPep
GLPVCGETCAFGSCYTPGCSCSWPVCTRN,"[0, 1]",3,3,hypeptoxfuse_test_pos;toxipep_0.9_train;toxmsrc_train,HyPepTox-Fuse;ToxMSRC;ToxiPep
KIPCGESCVYIPCISSVLGCSCSNKVCYKD,"[0, 1]",3,3,hypeptoxfuse_train_pos;toxipep_0.9_train;toxmsrc_train,HyPepTox-Fuse;ToxMSRC;ToxiPep
FFFLPSLIGGLVSAIK,"[0, 1]",3,3,hypeptoxfuse_train_pos;toxipep_0.9_train;toxmsrc_train,HyPepTox-Fuse;ToxMSRC;ToxiPep
MGDISPLTGTNGQIR,"[0, 1]",3,3,hypeptoxfuse_test_pos;toxipep_0.9_train;toxmsrc_train,HyPepTox-Fuse;ToxMSRC;ToxiPep
GLLSVLGSVVKHVIPHVVPVIAEHL,"[0, 1]",3,3,hypeptoxfuse_train_pos;toxipep_0.9_train;toxmsrc_train,HyPepTox-Fuse;ToxMSRC;ToxiPep
GSVPCGESCVWIPCITSIAGCSCSNKVCYMD,"[0, 1]",3,3,hypeptoxfuse_test_pos;toxipep_0.9_train;toxmsrc_train,HyPepTox-Fuse;ToxMSRC;ToxiPep
GLPCGESCVYIPCISTVLGCSCSNKVCYRN,"[0, 1]",3,3,hypeptoxfuse_test_pos;toxipep_0.9_train;toxmsrc_train,HyPepTox-Fuse;ToxMSRC;ToxiPep
GMASKAGSIVGKIAKIALGAL,"[0, 1]",3,3,hypeptoxfuse_test_pos;toxipep_0.9_train;toxmsrc_train,HyPepTox-Fuse;ToxMSRC;ToxiPep
ANLFTSDQDLYTDSR,"[0, 1]",3,3,hypeptoxfuse_test_pos;toxipep_0.9_train;toxmsrc_train,HyPepTox-Fuse;ToxMSRC;ToxiPep
INWLKLGKAIIDAL,"[0, 1]",3,3,hypeptoxfuse_train_pos;toxipep_0.9_test;toxmsrc_train,HyPepTox-Fuse;ToxMSRC;ToxiPep
RTCIPIPPVCF,"[0, 1]",3,3,hypeptoxfuse_train_pos;toxipep_0.9_test;toxmsrc_train,HyPepTox-Fuse;ToxMSRC;ToxiPep
FISAIASFLGKFL,"[0, 1]",3,3,hypeptoxfuse_train_pos;toxipep_0.9_test;toxmsrc_train,HyPepTox-Fuse;ToxMSRC;ToxiPep
VDKPDYRPRPRPPNM,"[0, 1]",3,3,hypeptoxfuse_test_pos;toxipep_0.9_test;toxmsrc_train,HyPepTox-Fuse;ToxMSRC;ToxiPep
GMASKAGAIAGKIAKVALKAL,"[0, 1]",3,3,hypeptoxfuse_test_pos;toxipep_0.9_test;toxmsrc_train,HyPepTox-Fuse;ToxMSRC;ToxiPep
VIPFVASVAAEMMQHIFCAASRKC,"[0, 1]",3,3,hypeptoxfuse_train_pos;toxipep_0.9_test;toxmsrc_train,HyPepTox-Fuse;ToxMSRC;ToxiPep
FLPIVGKLLSGLL,"[0, 1]",3,3,hypeptoxfuse_train_pos;toxmsrc_test1;toxmsrc_test2,HyPepTox-Fuse;ToxMSRC
FLSLIPHAINAVSAIAKHN,"[0, 1]",3,3,hypeptoxfuse_train_pos;toxmsrc_test1;toxmsrc_test2,HyPepTox-Fuse;ToxMSRC
GLKDWWNKHKDKIIDVVKEMGKAGLQAA,"[0, 1]",3,3,hypeptoxfuse_train_pos;toxmsrc_test1;toxmsrc_test2,HyPepTox-Fuse;ToxMSRC
ALWFTMLKKLGTMALHAGKAALGAAANTISQGTQ,"[0, 1]",3,3,hypeptoxfuse_train_pos;toxmsrc_test1;toxmsrc_test2,HyPepTox-Fuse;ToxMSRC
GLFDVVKGVLKGVGKNVAGSLLEQLKCKLSGGC,"[0, 1]",3,3,hypeptoxfuse_test_pos;toxmsrc_test1;toxmsrc_test2,HyPepTox-Fuse;ToxMSRC
GLNALKKVFQGIHEAIKLINNHVQ,"[0, 1]",2,2,hypeptoxfuse_train_pos;toxgin_train,HyPepTox-Fuse;ToxGIN
WLGSALKIGAKLLPSVVGLFKKKKQ,"[0, 1]",2,2,hypeptoxfuse_train_pos;toxgin_train,HyPepTox-Fuse;ToxGIN
LDVKKIICVACKIRPNPACKKICPK,"[0, 1]",2,2,hypeptoxfuse_test_pos;toxgin_train,HyPepTox-Fuse;ToxGIN
MESVAYILVLTMALSVIFFAIAFREPPRIQK,"[0, 1]",2,2,hypeptoxfuse_train_pos;toxgin_train,HyPepTox-Fuse;ToxGIN
SMLSVLKNLGKVGLGFVACKINKQC,"[0, 1]",2,2,hypeptoxfuse_train_pos;toxgin_train,HyPepTox-Fuse;ToxGIN
GLFDVVKGVLKGAGKNVAGSLLEQLKCKLSGGC,"[0, 1]",2,2,hypeptoxfuse_train_pos;toxgin_train,HyPepTox-Fuse;ToxGIN
GLWSTIKQKGKEAAIAAAKAAGKAVLNAASEAL,"[0, 1]",2,2,hypeptoxfuse_train_pos;toxgin_train,HyPepTox-Fuse;ToxGIN
IVGGNEVTPHAYPWQVGLFIDDMYFCGGSISVTLTGWGKP,"[0, 1]",2,2,toxgin_test;toxmsrc_train,ToxGIN;ToxMSRC
IKITTMLAKLGKVLAHV,"[0, 1]",2,2,toxgin_test;toxmsrc_train,ToxGIN;ToxMSRC
LFGGLLDKLREKIKKYCNKENLDKACSKL,"[0, 1]",2,2,hypeptoxfuse_train_pos;toxgin_test,HyPepTox-Fuse;ToxGIN
IGGIISFFKRLF,"[0, 1]",2,2,toxipep_independent;toxmsrc_train,ToxMSRC;ToxiPep
GIFGKILGAGKKVLCGLSGLC,"[0, 1]",2,2,hypeptoxfuse_train_pos;toxmsrc_train,HyPepTox-Fuse;ToxMSRC
GIGSAILSAGKSALKGLAKGLAEHFAN,"[0, 1]",2,2,hypeptoxfuse_test_pos;toxmsrc_train,HyPepTox-Fuse;ToxMSRC
GVVDILKGAAKDIAGHLASKVMNKL,"[0, 1]",2,2,hypeptoxfuse_train_pos;toxmsrc_train,HyPepTox-Fuse;ToxMSRC
ALWMTLLKKVLKAAAKALNAVLVGANA,"[0, 1]",2,2,hypeptoxfuse_test_pos;toxmsrc_train,HyPepTox-Fuse;ToxMSRC
GFLGPLLKLAAKGVAKVIPHLIPSRQQ,"[0, 1]",2,2,hypeptoxfuse_train_pos;toxmsrc_train,HyPepTox-Fuse;ToxMSRC
GKLQAFLAKMKEIAAQTL,"[0, 1]",2,2,hypeptoxfuse_test_pos;toxmsrc_train,HyPepTox-Fuse;ToxMSRC
GLFSVLGAVAKHVLPHVVPVIAEKL,"[0, 1]",2,2,hypeptoxfuse_test_pos;toxmsrc_train,HyPepTox-Fuse;ToxMSRC
FLSAIASMLGKFL,"[0, 1]",2,2,hypeptoxfuse_train_pos;toxmsrc_train,HyPepTox-Fuse;ToxMSRC
IVPFLLGMVPKLICLITKKC,"[0, 1]",2,2,hypeptoxfuse_train_pos;toxmsrc_train,HyPepTox-Fuse;ToxMSRC
GLWSKIKAAGKEAAKAAAKAAGKAALNAVSEAV,"[0, 1]",2,2,hypeptoxfuse_train_pos;toxmsrc_train,HyPepTox-Fuse;ToxMSRC
GFVALLKKLPLILKHLP,"[0, 1]",2,2,hypeptoxfuse_test_pos;toxmsrc_train,HyPepTox-Fuse;ToxMSRC
ILGTILGLLKGL,"[0, 1]",2,2,hypeptoxfuse_train_pos;toxmsrc_train,HyPepTox-Fuse;ToxMSRC
GLFGKILGVGKKVLCGLSGMC,"[0, 1]",2,2,hypeptoxfuse_train_pos;toxmsrc_train,HyPepTox-Fuse;ToxMSRC
GLKDWWNKHKDKIVEVVKEMGKAGLNAA,"[0, 1]",2,2,hypeptoxfuse_train_pos;toxmsrc_train,HyPepTox-Fuse;ToxMSRC
GLKEIFKAGLGSLVKGIAAHVAS,"[0, 1]",2,2,hypeptoxfuse_train_pos;toxmsrc_train,HyPepTox-Fuse;ToxMSRC
LNLKGIFKKVASLLT,"[0, 1]",2,2,hypeptoxfuse_test_pos;toxmsrc_train,HyPepTox-Fuse;ToxMSRC
GVVDILKGAAKDLAGHLATKVMDKL,"[0, 1]",2,2,hypeptoxfuse_train_pos;toxmsrc_train,HyPepTox-Fuse;ToxMSRC
GMWSKIKNAGKAAKAAAKAAGKAALGAVSEAM,"[0, 1]",2,2,hypeptoxfuse_train_pos;toxmsrc_train,HyPepTox-Fuse;ToxMSRC
GLVGTLLGHIGKAILS,"[0, 1]",2,2,hypeptoxfuse_train_pos;toxmsrc_train,HyPepTox-Fuse;ToxMSRC
NLIQLSNMIKCAIPGSRPLFQYTDYGCY,"[0, 1]",2,2,hypeptoxfuse_test_pos;toxmsrc_train,HyPepTox-Fuse;ToxMSRC
GLPVCGETCFGGTCNTPGCSCSYPICTRN,"[0, 1]",2,2,hypeptoxfuse_train_pos;toxmsrc_train,HyPepTox-Fuse;ToxMSRC
GIPCGESCVFIPCITAAIGCSCKSKVCYRN,"[0, 1]",2,2,hypeptoxfuse_train_pos;toxmsrc_train,HyPepTox-Fuse;ToxMSRC
VFQFLGRIIHHVGNFVHGFSHVF,"[0, 1]",2,2,hypeptoxfuse_train_pos;toxmsrc_train,HyPepTox-Fuse;ToxMSRC
GSCLELGEYCNGSKDDCQCCRDNAYCGCDIF,"[0, 1]",2,2,hypeptoxfuse_test_pos;toxmsrc_train,HyPepTox-Fuse;ToxMSRC
AEYDVSDADIEAFYQ,"[0, 1]",2,2,hypeptoxfuse_train_pos;toxmsrc_train,HyPepTox-Fuse;ToxMSRC
